{"cameraMode":{"drawMode":0,"name":"Shaded","section":"Shading Mode"},"sceneLighting":true,"audioPlay":false,"sceneViewState":{"m_AlwaysRefresh":false,"showFog":true,"showSkybox":true,"showFlares":true,"showImageEffects":true,"showParticleSystems":true,"showVisualEffectGraphs":true,"m_FxEnabled":false},"in2DMode":false,"pivot":{"x":-7.3442888259887699,"y":-21.643569946289064,"z":139.01898193359376},"rotation":{"x":0.10462350398302078,"y":-0.0026750334072858097,"z":0.00031075451988726854,"w":0.9945741891860962},"size":94.12190246582031,"orthographic":false}