{"cameraMode":{"drawMode":0,"name":"Shaded","section":"Shading Mode"},"sceneLighting":true,"audioPlay":false,"sceneViewState":{"m_AlwaysRefresh":false,"showFog":true,"showSkybox":true,"showFlares":true,"showImageEffects":true,"showParticleSystems":true,"showVisualEffectGraphs":true,"m_FxEnabled":false},"in2DMode":false,"pivot":{"x":-10.349113464355469,"y":-27.187782287597658,"z":137.70025634765626},"rotation":{"x":0.12101087719202042,"y":-0.011603727005422116,"z":0.0014439851511269808,"w":0.9926482439041138},"size":86.19024658203125,"orthographic":false}