{"cameraMode":{"drawMode":0,"name":"Shaded","section":"Shading Mode"},"sceneLighting":false,"audioPlay":false,"sceneViewState":{"m_AlwaysRefresh":false,"showFog":true,"showSkybox":false,"showFlares":true,"showImageEffects":true,"showParticleSystems":true,"showVisualEffectGraphs":true,"m_FxEnabled":false},"in2DMode":false,"pivot":{"x":-0.033235013484954837,"y":0.5399999618530273,"z":0.7400000095367432},"rotation":{"x":0.23015154898166657,"y":0.0265667587518692,"z":-0.006302007474005222,"w":0.9728284478187561},"size":0.8660253882408142,"orthographic":false}