{"cameraMode":{"drawMode":0,"name":"Shaded","section":"Shading Mode"},"sceneLighting":true,"audioPlay":false,"sceneViewState":{"m_AlwaysRefresh":false,"showFog":true,"showSkybox":true,"showFlares":true,"showImageEffects":true,"showParticleSystems":true,"showVisualEffectGraphs":true,"m_FxEnabled":false},"in2DMode":false,"pivot":{"x":-1.764054298400879,"y":-22.029624938964845,"z":164.65196228027345},"rotation":{"x":0.09118551760911942,"y":-0.0071602375246584419,"z":0.0006875940598547459,"w":0.9958747625350952},"size":91.03096771240235,"orthographic":false}