{"cameraMode":{"drawMode":0,"name":"Shaded","section":"Shading Mode"},"sceneLighting":true,"audioPlay":false,"sceneViewState":{"m_AlwaysRefresh":false,"showFog":true,"showSkybox":true,"showFlares":true,"showImageEffects":true,"showParticleSystems":true,"showVisualEffectGraphs":true,"m_FxEnabled":false},"in2DMode":false,"pivot":{"x":0.38455966114997866,"y":-22.02963638305664,"z":164.6699676513672},"rotation":{"x":0.09118802100419998,"y":-0.0011848928406834603,"z":0.00014048436423763633,"w":0.9958999156951904},"size":91.03096771240235,"orthographic":false}